<?xml version='1.0' encoding='utf-8'?>
<Server port="8005" shutdown="SHUTDOWN">
  <!--APR library loader. Documentation at /docs/apr.html -->
  <Listener className="org.apache.catalina.core.AprLifecycleListener" SSLEngine="on" />
  <!--Initialize Jasper prior to webapps are loaded. Documentation at /docs/jasper-howto.html -->
  <Listener className="org.apache.catalina.core.JasperListener" />
  <!-- JMX Support for the Tomcat server. Documentation at /docs/non-existent.html -->
  <Listener className="org.apache.catalina.mbeans.ServerLifecycleListener" />
  <Listener className="org.apache.catalina.mbeans.GlobalResourcesLifecycleListener" />

  <GlobalNamingResources>
    <Resource name="UserDatabase" auth="Container" type="org.apache.catalina.UserDatabase"
              factory="org.apache.catalina.users.MemoryUserDatabaseFactory" pathname="conf/tomcat-users.xml" />
  <!-- ******************* [ADDED FOR CHAPTER-05] ******************* -->
    <Environment name="contactsCaption" 
  		type="java.lang.String" 
  		value="Contact List -- MySQL"/>
    <Resource name="jdbc/swengsolDB" 
		auth="Container" 
		type="javax.sql.DataSource"
		driverClassName="com.mysql.jdbc.Driver"
		url="jdbc:mysql://localhost:3306/swengsol"
		username="root"  
		password="changeme"
		maxActive="30" 
		maxIdle="20000" 
		maxWait="120"/>              
  </GlobalNamingResources>
  <!-- ******************* [END FOR CHAPTER-05] ******************* -->

  <Service name="Catalina">
    <!-- ******** [ADDED FOR CHAPTER-08-IP-BASED] ************* -->  
    <Connector address="127.0.0.1" port="8080" protocol="HTTP/1.1" compressableMimeType="text/html,text/xml" connectionTimeout="20000" redirectPort="8443"  useIPVHosts="true" />
    <Connector address="127.0.0.2" port="8080" protocol="HTTP/1.1" compressableMimeType="text/html,text/xml" connectionTimeout="20000" redirectPort="8443"  useIPVHosts="true" />
    <Connector address="127.0.0.3" port="8080" protocol="HTTP/1.1" compressableMimeType="text/html,text/xml" connectionTimeout="20000" redirectPort="8443"  useIPVHosts="true" />
    <!-- ******** [END FOR CHAPTER-08-IP-BASED] ************* -->  
    
    <Connector port="8009" protocol="AJP/1.3" redirectPort="8443" />
    <Engine name="Catalina" defaultHost="localhost">
      <!-- ******************* [ADDED FOR CHAPTER-07] ******************* -->  
      <Valve className="org.apache.catalina.valves.RequestDumperValve"/>    
      <Valve className="org.apache.catalina.valves.RemoteAddrValve" allow="127\.0\.0\.1,0:0:0:0:0:0:0:1"/>    
      <!-- ******************* [END FOR CHAPTER-07] ******************* -->
      <!--  Realm className="org.apache.catalina.realm.UserDatabaseRealm" resourceName="UserDatabase"/ -->

      <!-- ******** [ADDED FOR CHAPTER-08-IP-BASED] ************* -->  
      <Host name="localhost"  appBase="webapps"
            unpackWARs="true" autoDeploy="false" deployOnStartup="true"
            xmlValidation="false" xmlNamespaceAware="false">
      </Host>
      <Host name="www.localswengsol.com" appBase="swengsol"
            unpackWARs="true" autoDeploy="false" 				
            deployOnStartup="true"
            xmlValidation="false" xmlNamespaceAware="false">
      </Host>
      <Host name="www.localswengsol-2.com"  appBase="swengsol-2"
                  unpackWARs="true" autoDeploy="true" deployOnStartup="false"
                  xmlValidation="false" xmlNamespaceAware="false">
      </Host>
      <!-- ******** [END FOR CHAPTER-08-IP-BASED] ************* -->  
    </Engine>
  </Service>
</Server>
